reuse_n,optimizer_step,accuracy
4,100,0.832
4,104,0.826
4,108,0.828
4,112,0.848
4,116,0.830
4,120,0.850
4,124,0.846
4,128,0.852
4,132,0.842
4,136,0.842
4,140,0.854
4,144,0.830
4,148,0.848
4,152,0.842
4,156,0.840
4,160,0.848
4,164,0.850
4,168,0.846
4,172,0.860
4,176,0.846
4,180,0.836
4,184,0.848
4,188,0.872
4,192,0.856
4,196,0.852
8,100,0.832
8,108,0.824
8,116,0.818
8,124,0.834
8,132,0.832
8,140,0.842
8,148,0.832
8,156,0.846
8,164,0.846
8,172,0.862
8,180,0.842
8,188,0.856
8,196,0.854
16,100,0.832
16,116,0.830
16,132,0.848
16,148,0.840
16,164,0.848
16,180,0.854
16,196,0.840
