指标,N=4,N=8
作业号,154027,154028
真实 optimizer updates / rollout 周期,96 / 24,96 / 12
MATH500 sampled Avg@1，update 0,50.0%,49.8%
MATH500 sampled Avg@1，update 48,77.6%,77.8%
MATH500 sampled Avg@1，update 96,82.2%,78.8%
训练 trajectory 数,"196,608","196,608"
实际 response token 数,"257,872,854","238,305,586"
实际 prompt token 数（按 trajectory 计）,"23,679,240","23,679,240"
训练 token 合计,"281,552,094","261,984,826"
训练周期累计耗时,19:15:14,17:51:36
平均每次 update 耗时,722.02 秒,669.75 秒
逐步全词表 KL 测量计时,845.09 秒（00:14:05）,770.59 秒（00:12:51）
KL 测量计时 / 训练周期耗时,1.22%,1.20%
Update 48、96 能力评测计时合计,117.32 秒,106.13 秒
终点 HF 权重保存计时,45.72 秒,45.92 秒
平均吞吐（4 卡合计）,"4,061.97 token/s","4,074.66 token/s"
Slurm 作业总耗时,19:23:25,18:01:00
