job_id,reuse_n,seed,optimizer_step,rollout_step,anchor_update,policy_age,age_after,context_set_id,adjacent_kl,cumulative_kl,grad_norm,lr_used,context_count,self_kl,direction,aggregation,vocabulary,temperature
154027,4,1,1,1,0,0,1,start_0000,0.0011944127860107454,0.0011944127860107454,0.0878615602850914,1e-07,512.0,0.0,older_to_newer,prompt_equal_then_position_equal,full,1.0
154027,4,1,2,1,0,1,2,start_0000,0.0010798013725014258,0.0012554940688020854,0.09362822026014328,2e-07,512.0,0.0,older_to_newer,prompt_equal_then_position_equal,full,1.0
154027,4,1,3,1,0,2,3,start_0000,0.001129636607423659,0.0013240005878358174,0.09019611775875092,3e-07,512.0,0.0,older_to_newer,prompt_equal_then_position_equal,full,1.0
154027,4,1,4,1,0,3,4,start_0000,0.0011472506987975518,0.0013805951985473295,0.08469543606042862,4e-07,512.0,0.0,older_to_newer,prompt_equal_then_position_equal,full,1.0
154027,4,1,5,2,4,0,1,start_0004,0.001134963782876038,0.001134963782876038,0.08112934231758118,5e-07,512.0,0.0,older_to_newer,prompt_equal_then_position_equal,full,1.0
154027,4,1,6,2,4,1,2,start_0004,0.0010876435107922795,0.0011175518559515892,0.08380963653326035,6e-07,512.0,0.0,older_to_newer,prompt_equal_then_position_equal,full,1.0
154027,4,1,7,2,4,2,3,start_0004,0.0011284480065169482,0.001202272711735214,0.0831952765583992,7e-07,512.0,0.0,older_to_newer,prompt_equal_then_position_equal,full,1.0
154027,4,1,8,2,4,3,4,start_0004,0.0011868465027760815,0.0010333105042664055,0.08189142495393753,8e-07,512.0,0.0,older_to_newer,prompt_equal_then_position_equal,full,1.0
154027,4,1,9,3,8,0,1,start_0008,0.0008787663972007857,0.0008787663972007857,0.09061209112405777,9e-07,511.0,0.0,older_to_newer,prompt_equal_then_position_equal,full,1.0
154027,4,1,10,3,8,1,2,start_0008,0.0008848422505066265,0.0009809423795656706,0.09022429585456848,1e-06,511.0,0.0,older_to_newer,prompt_equal_then_position_equal,full,1.0
154027,4,1,11,3,8,2,3,start_0008,0.0008085605770376146,0.0012442489357112401,0.07903441041707993,1e-06,511.0,0.0,older_to_newer,prompt_equal_then_position_equal,full,1.0
154027,4,1,12,3,8,3,4,start_0008,0.0007105040665510339,0.0013147931790074199,0.11356792598962784,1e-06,511.0,0.0,older_to_newer,prompt_equal_then_position_equal,full,1.0
154027,4,1,13,4,12,0,1,start_0012,0.0006460859526467402,0.0006460859526467402,0.07983384281396866,1e-06,512.0,0.0,older_to_newer,prompt_equal_then_position_equal,full,1.0
154027,4,1,14,4,12,1,2,start_0012,0.0007065389913812141,0.000720633688665156,0.07567570358514786,1e-06,512.0,0.0,older_to_newer,prompt_equal_then_position_equal,full,1.0
154027,4,1,15,4,12,2,3,start_0012,0.000734580088682314,0.0007263465477491593,0.08136918395757675,1e-06,512.0,0.0,older_to_newer,prompt_equal_then_position_equal,full,1.0
154027,4,1,16,4,12,3,4,start_0012,0.0007382440764534439,0.0007706230242926215,0.0843636691570282,1e-06,512.0,0.0,older_to_newer,prompt_equal_then_position_equal,full,1.0
154027,4,1,17,5,16,0,1,start_0016,0.0006967603408699608,0.0006967603408699608,0.07244459539651871,1e-06,508.0,0.0,older_to_newer,prompt_equal_then_position_equal,full,1.0
154027,4,1,18,5,16,1,2,start_0016,0.0007084737664110952,0.0008923211083063321,0.06853834539651871,1e-06,508.0,0.0,older_to_newer,prompt_equal_then_position_equal,full,1.0
154027,4,1,19,5,16,2,3,start_0016,0.0007491256483633251,0.0012731242801642343,0.07584702968597412,1e-06,508.0,0.0,older_to_newer,prompt_equal_then_position_equal,full,1.0
154027,4,1,20,5,16,3,4,start_0016,0.0006732123571849876,0.0014007356232723519,0.06681551784276962,1e-06,508.0,0.0,older_to_newer,prompt_equal_then_position_equal,full,1.0
154027,4,1,21,6,20,0,1,start_0020,0.0004774835229181023,0.0004774835229181023,0.0678018108010292,1e-06,512.0,0.0,older_to_newer,prompt_equal_then_position_equal,full,1.0
154027,4,1,22,6,20,1,2,start_0020,0.000535059145555074,0.00046550612258700264,0.06590491533279419,1e-06,512.0,0.0,older_to_newer,prompt_equal_then_position_equal,full,1.0
154027,4,1,23,6,20,2,3,start_0020,0.0004491487327909662,0.0005753599558721777,0.06302236765623093,1e-06,512.0,0.0,older_to_newer,prompt_equal_then_position_equal,full,1.0
154027,4,1,24,6,20,3,4,start_0020,0.0005558423708468627,0.0005022887887213189,0.06379588693380356,1e-06,512.0,0.0,older_to_newer,prompt_equal_then_position_equal,full,1.0
154027,4,1,25,7,24,0,1,start_0024,0.0006002166289651505,0.0006002166289651505,0.06465175747871399,1e-06,512.0,0.0,older_to_newer,prompt_equal_then_position_equal,full,1.0
154027,4,1,26,7,24,1,2,start_0024,0.0004565744235976879,0.0005739974729898629,0.059138569980859756,1e-06,512.0,0.0,older_to_newer,prompt_equal_then_position_equal,full,1.0
154027,4,1,27,7,24,2,3,start_0024,0.0005625835175315444,0.0005384574136552733,0.05891626700758934,1e-06,512.0,0.0,older_to_newer,prompt_equal_then_position_equal,full,1.0
154027,4,1,28,7,24,3,4,start_0024,0.0005477970323617505,0.0006873773332248005,0.061361249536275864,1e-06,512.0,0.0,older_to_newer,prompt_equal_then_position_equal,full,1.0
154027,4,1,29,8,28,0,1,start_0028,0.0004953746550217856,0.0004953746550217856,0.054548732936382294,1e-06,512.0,0.0,older_to_newer,prompt_equal_then_position_equal,full,1.0
154027,4,1,30,8,28,1,2,start_0028,0.00038118816230695187,0.0004516023176094374,0.05882178619503975,1e-06,512.0,0.0,older_to_newer,prompt_equal_then_position_equal,full,1.0
154027,4,1,31,8,28,2,3,start_0028,0.00035076630626614485,0.00046720336557583124,0.06659506261348724,1e-06,512.0,0.0,older_to_newer,prompt_equal_then_position_equal,full,1.0
154027,4,1,32,8,28,3,4,start_0028,0.00039089279843257597,0.0005455696473195919,0.05521061643958092,1e-06,512.0,0.0,older_to_newer,prompt_equal_then_position_equal,full,1.0
154027,4,1,33,9,32,0,1,start_0032,0.000609006867431521,0.000609006867431521,0.053056880831718445,1e-06,510.0,0.0,older_to_newer,prompt_equal_then_position_equal,full,1.0
154027,4,1,34,9,32,1,2,start_0032,0.0005373172512340024,0.0006790667628588723,0.05569421127438545,1e-06,510.0,0.0,older_to_newer,prompt_equal_then_position_equal,full,1.0
154027,4,1,35,9,32,2,3,start_0032,0.0006496766717587886,0.0006658363368166596,0.05749589577317238,1e-06,510.0,0.0,older_to_newer,prompt_equal_then_position_equal,full,1.0
154027,4,1,36,9,32,3,4,start_0032,0.0005742248724048059,0.0007266473428641619,0.05694488808512688,1e-06,510.0,0.0,older_to_newer,prompt_equal_then_position_equal,full,1.0
154027,4,1,37,10,36,0,1,start_0036,0.0004312919466028644,0.0004312919466028644,0.05552779510617256,1e-06,512.0,0.0,older_to_newer,prompt_equal_then_position_equal,full,1.0
154027,4,1,38,10,36,1,2,start_0036,0.0004663875703188419,0.0005488289992084332,0.05278705060482025,1e-06,512.0,0.0,older_to_newer,prompt_equal_then_position_equal,full,1.0
154027,4,1,39,10,36,2,3,start_0036,0.0004135364340245057,0.00045838750189971514,0.05019956827163696,1e-06,512.0,0.0,older_to_newer,prompt_equal_then_position_equal,full,1.0
154027,4,1,40,10,36,3,4,start_0036,0.0003998305600225459,0.0005618738860361046,0.04682614281773567,1e-06,512.0,0.0,older_to_newer,prompt_equal_then_position_equal,full,1.0
154027,4,1,41,11,40,0,1,start_0040,0.0004934431994811726,0.0004934431994811726,0.04918158799409866,1e-06,512.0,0.0,older_to_newer,prompt_equal_then_position_equal,full,1.0
154027,4,1,42,11,40,1,2,start_0040,0.00043219388732777895,0.0004193664965989412,0.06001508980989456,1e-06,512.0,0.0,older_to_newer,prompt_equal_then_position_equal,full,1.0
154027,4,1,43,11,40,2,3,start_0040,0.0003931323656284201,0.0004947575360162637,0.052850447595119476,1e-06,512.0,0.0,older_to_newer,prompt_equal_then_position_equal,full,1.0
154027,4,1,44,11,40,3,4,start_0040,0.000389810038627369,0.0004418928540987191,0.05422990396618843,1e-06,512.0,0.0,older_to_newer,prompt_equal_then_position_equal,full,1.0
154027,4,1,45,12,44,0,1,start_0044,0.0004237206766922756,0.0004237206766922756,0.053246453404426575,1e-06,512.0,0.0,older_to_newer,prompt_equal_then_position_equal,full,1.0
154027,4,1,46,12,44,1,2,start_0044,0.0003541518336620604,0.00037110016030430983,0.0445944145321846,1e-06,512.0,0.0,older_to_newer,prompt_equal_then_position_equal,full,1.0
154027,4,1,47,12,44,2,3,start_0044,0.0003562339466225086,0.0003622759829243266,0.04768813028931618,1e-06,512.0,0.0,older_to_newer,prompt_equal_then_position_equal,full,1.0
154027,4,1,48,12,44,3,4,start_0044,0.0004138334743933312,0.000439105870851031,0.054445959627628326,1e-06,512.0,0.0,older_to_newer,prompt_equal_then_position_equal,full,1.0
154027,4,1,49,13,48,0,1,start_0048,0.0004112197497843194,0.0004112197497843194,0.04689774289727211,1e-06,512.0,0.0,older_to_newer,prompt_equal_then_position_equal,full,1.0
154027,4,1,50,13,48,1,2,start_0048,0.0004361201175310112,0.0004536397922718857,0.04702501744031906,1e-06,512.0,0.0,older_to_newer,prompt_equal_then_position_equal,full,1.0
154027,4,1,51,13,48,2,3,start_0048,0.0004521987629770261,0.0004657578631383912,0.042143817991018295,1e-06,512.0,0.0,older_to_newer,prompt_equal_then_position_equal,full,1.0
154027,4,1,52,13,48,3,4,start_0048,0.0005109242581072717,0.0004367297110986014,0.05085979029536247,1e-06,512.0,0.0,older_to_newer,prompt_equal_then_position_equal,full,1.0
154027,4,1,53,14,52,0,1,start_0052,0.00033376678013523787,0.00033376678013523787,0.047215428203344345,1e-06,512.0,0.0,older_to_newer,prompt_equal_then_position_equal,full,1.0
154027,4,1,54,14,52,1,2,start_0052,0.0002761991600422889,0.0003041218877659847,0.0458996444940567,1e-06,512.0,0.0,older_to_newer,prompt_equal_then_position_equal,full,1.0
154027,4,1,55,14,52,2,3,start_0052,0.00038237022166311683,0.000383037248265611,0.04822995141148567,1e-06,512.0,0.0,older_to_newer,prompt_equal_then_position_equal,full,1.0
154027,4,1,56,14,52,3,4,start_0052,0.0004044080038993122,0.0003542280727014708,0.0482029989361763,1e-06,512.0,0.0,older_to_newer,prompt_equal_then_position_equal,full,1.0
154027,4,1,57,15,56,0,1,start_0056,0.00047455338728673497,0.00047455338728673497,0.04693763330578804,1e-06,512.0,0.0,older_to_newer,prompt_equal_then_position_equal,full,1.0
154027,4,1,58,15,56,1,2,start_0056,0.0005048923641408176,0.0003971892992063169,0.04863586649298668,1e-06,512.0,0.0,older_to_newer,prompt_equal_then_position_equal,full,1.0
154027,4,1,59,15,56,2,3,start_0056,0.0004458566936730745,0.0004351468377295953,0.05637292563915253,1e-06,512.0,0.0,older_to_newer,prompt_equal_then_position_equal,full,1.0
154027,4,1,60,15,56,3,4,start_0056,0.0003671877503379741,0.0004358161211005944,0.046895019710063934,1e-06,512.0,0.0,older_to_newer,prompt_equal_then_position_equal,full,1.0
154027,4,1,61,16,60,0,1,start_0060,0.00040776481512631537,0.00040776481512631537,0.04546676203608513,1e-06,512.0,0.0,older_to_newer,prompt_equal_then_position_equal,full,1.0
154027,4,1,62,16,60,1,2,start_0060,0.000434133840475,0.0004909978125447675,0.04429503157734871,1e-06,512.0,0.0,older_to_newer,prompt_equal_then_position_equal,full,1.0
154027,4,1,63,16,60,2,3,start_0060,0.0003723729244698149,0.0003895689704789225,0.04845622181892395,1e-06,512.0,0.0,older_to_newer,prompt_equal_then_position_equal,full,1.0
154027,4,1,64,16,60,3,4,start_0060,0.00036709361170875004,0.0005309635291470062,0.049417681992053986,1e-06,512.0,0.0,older_to_newer,prompt_equal_then_position_equal,full,1.0
154027,4,1,65,17,64,0,1,start_0064,0.0002877324396434514,0.0002877324396434514,0.0494823157787323,1e-06,512.0,0.0,older_to_newer,prompt_equal_then_position_equal,full,1.0
154027,4,1,66,17,64,1,2,start_0064,0.00025726158290875127,0.00029503518321292007,0.04504939913749695,1e-06,512.0,0.0,older_to_newer,prompt_equal_then_position_equal,full,1.0
154027,4,1,67,17,64,2,3,start_0064,0.00026665429926594944,0.00026346060550743627,0.046092577278614044,1e-06,512.0,0.0,older_to_newer,prompt_equal_then_position_equal,full,1.0
154027,4,1,68,17,64,3,4,start_0064,0.00029782402013656345,0.00029385405348813354,0.04664674028754234,1e-06,512.0,0.0,older_to_newer,prompt_equal_then_position_equal,full,1.0
154027,4,1,69,18,68,0,1,start_0068,0.00044088616290277653,0.00044088616290277653,0.04375947639346123,1e-06,512.0,0.0,older_to_newer,prompt_equal_then_position_equal,full,1.0
154027,4,1,70,18,68,1,2,start_0068,0.00044727882579610056,0.0004874542987941075,0.05122239515185356,1e-06,512.0,0.0,older_to_newer,prompt_equal_then_position_equal,full,1.0
154027,4,1,71,18,68,2,3,start_0068,0.0004200668641087207,0.00043145476484603173,0.043077271431684494,1e-06,512.0,0.0,older_to_newer,prompt_equal_then_position_equal,full,1.0
154027,4,1,72,18,68,3,4,start_0068,0.0003489585352930194,0.0004552099303051902,0.04164477065205574,1e-06,512.0,0.0,older_to_newer,prompt_equal_then_position_equal,full,1.0
154027,4,1,73,19,72,0,1,start_0072,0.0003150526051598735,0.0003150526051598735,0.04462740197777748,1e-06,512.0,0.0,older_to_newer,prompt_equal_then_position_equal,full,1.0
154027,4,1,74,19,72,1,2,start_0072,0.00032670971917646486,0.0002544535616866846,0.045226212590932846,1e-06,512.0,0.0,older_to_newer,prompt_equal_then_position_equal,full,1.0
154027,4,1,75,19,72,2,3,start_0072,0.0003544755149673239,0.00032523814298870545,0.0438813641667366,1e-06,512.0,0.0,older_to_newer,prompt_equal_then_position_equal,full,1.0
154027,4,1,76,19,72,3,4,start_0072,0.00029133880686769856,0.00026279177841379627,0.04543084651231766,1e-06,512.0,0.0,older_to_newer,prompt_equal_then_position_equal,full,1.0
154027,4,1,77,20,76,0,1,start_0076,0.00028044436400931816,0.00028044436400931816,0.043276596814394,1e-06,512.0,0.0,older_to_newer,prompt_equal_then_position_equal,full,1.0
154027,4,1,78,20,76,1,2,start_0076,0.00035706926591556247,0.00028019048338193435,0.044403426349163055,1e-06,512.0,0.0,older_to_newer,prompt_equal_then_position_equal,full,1.0
154027,4,1,79,20,76,2,3,start_0076,0.00037337614010065,0.00029951529981677127,0.045317839831113815,1e-06,512.0,0.0,older_to_newer,prompt_equal_then_position_equal,full,1.0
154027,4,1,80,20,76,3,4,start_0076,0.00028992993109892325,0.0003107340201548123,0.04398486018180847,1e-06,512.0,0.0,older_to_newer,prompt_equal_then_position_equal,full,1.0
154027,4,1,81,21,80,0,1,start_0080,0.00034243281584757194,0.00034243281584757194,0.041945766657590866,1e-06,512.0,0.0,older_to_newer,prompt_equal_then_position_equal,full,1.0
154027,4,1,82,21,80,1,2,start_0080,0.0003375805287826162,0.00035965706102827086,0.04415583238005638,1e-06,512.0,0.0,older_to_newer,prompt_equal_then_position_equal,full,1.0
154027,4,1,83,21,80,2,3,start_0080,0.00036045453588354,0.00037516525757151994,0.04105183109641075,1e-06,512.0,0.0,older_to_newer,prompt_equal_then_position_equal,full,1.0
154027,4,1,84,21,80,3,4,start_0080,0.00038271190460716293,0.0004236723665869863,0.04764537140727043,1e-06,512.0,0.0,older_to_newer,prompt_equal_then_position_equal,full,1.0
154027,4,1,85,22,84,0,1,start_0084,0.0004088977463467882,0.0004088977463467882,0.038221437484025955,1e-06,512.0,0.0,older_to_newer,prompt_equal_then_position_equal,full,1.0
154027,4,1,86,22,84,1,2,start_0084,0.0004661581685034544,0.000493234261151365,0.04013654589653015,1e-06,512.0,0.0,older_to_newer,prompt_equal_then_position_equal,full,1.0
154027,4,1,87,22,84,2,3,start_0084,0.0005170371442772328,0.0005438119456779784,0.041202884167432785,1e-06,512.0,0.0,older_to_newer,prompt_equal_then_position_equal,full,1.0
154027,4,1,88,22,84,3,4,start_0084,0.00035618170899414617,0.0004342138601180165,0.03732537850737572,1e-06,512.0,0.0,older_to_newer,prompt_equal_then_position_equal,full,1.0
154027,4,1,89,23,88,0,1,start_0088,0.0004048008115187469,0.0004048008115187469,0.038100678473711014,1e-06,512.0,0.0,older_to_newer,prompt_equal_then_position_equal,full,1.0
154027,4,1,90,23,88,1,2,start_0088,0.00042709479988428645,0.0004854915544431523,0.04085893556475639,1e-06,512.0,0.0,older_to_newer,prompt_equal_then_position_equal,full,1.0
154027,4,1,91,23,88,2,3,start_0088,0.00043182004673169606,0.00047316987002228805,0.03932248055934906,1e-06,512.0,0.0,older_to_newer,prompt_equal_then_position_equal,full,1.0
154027,4,1,92,23,88,3,4,start_0088,0.00046715745545707684,0.0004699606872333526,0.041216980665922165,1e-06,512.0,0.0,older_to_newer,prompt_equal_then_position_equal,full,1.0
154027,4,1,93,24,92,0,1,start_0092,0.00025471472360660016,0.00025471472360660016,0.04166160896420479,1e-06,512.0,0.0,older_to_newer,prompt_equal_then_position_equal,full,1.0
154027,4,1,94,24,92,1,2,start_0092,0.00017813241301778703,0.0002304918131126288,0.04022125527262688,1e-06,512.0,0.0,older_to_newer,prompt_equal_then_position_equal,full,1.0
154027,4,1,95,24,92,2,3,start_0092,0.00021431652511151372,0.00018301097968802984,0.03699784353375435,1e-06,512.0,0.0,older_to_newer,prompt_equal_then_position_equal,full,1.0
154027,4,1,96,24,92,3,4,start_0092,0.00021395341561530068,0.0002521322524198329,0.04221580550074577,1e-06,512.0,0.0,older_to_newer,prompt_equal_then_position_equal,full,1.0
154028,8,1,1,1,0,0,1,start_0000,0.0012010582562291454,0.0012010582562291454,0.08686554431915283,1e-07,512.0,0.0,older_to_newer,prompt_equal_then_position_equal,full,1.0
154028,8,1,2,1,0,1,2,start_0000,0.0009428685032651711,0.0010640404490773136,0.09306402504444122,2e-07,512.0,0.0,older_to_newer,prompt_equal_then_position_equal,full,1.0
154028,8,1,3,1,0,2,3,start_0000,0.0009750874514313729,0.0010677612493261925,0.08074962347745895,3e-07,512.0,0.0,older_to_newer,prompt_equal_then_position_equal,full,1.0
154028,8,1,4,1,0,3,4,start_0000,0.0010534969547052533,0.0014013020105725664,0.07772072404623032,4e-07,512.0,0.0,older_to_newer,prompt_equal_then_position_equal,full,1.0
154028,8,1,5,1,0,4,5,start_0000,0.0011382454979620865,0.0009935115037923692,0.08442137390375137,5e-07,512.0,0.0,older_to_newer,prompt_equal_then_position_equal,full,1.0
154028,8,1,6,1,0,5,6,start_0000,0.0009770581093735738,0.001088347036054562,0.07239607721567154,6e-07,512.0,0.0,older_to_newer,prompt_equal_then_position_equal,full,1.0
154028,8,1,7,1,0,6,7,start_0000,0.0009524384996115479,0.0014713429895663022,0.08834275603294373,7e-07,512.0,0.0,older_to_newer,prompt_equal_then_position_equal,full,1.0
154028,8,1,8,1,0,7,8,start_0000,0.0009075673707306877,0.0011480488813135536,0.08766993135213852,8e-07,512.0,0.0,older_to_newer,prompt_equal_then_position_equal,full,1.0
154028,8,1,9,2,8,0,1,start_0008,0.0010525166545804214,0.0010525166545804214,0.08424220979213715,9e-07,512.0,0.0,older_to_newer,prompt_equal_then_position_equal,full,1.0
154028,8,1,10,2,8,1,2,start_0008,0.0010951989951427216,0.0011207686877375308,0.08459758013486862,1e-06,512.0,0.0,older_to_newer,prompt_equal_then_position_equal,full,1.0
154028,8,1,11,2,8,2,3,start_0008,0.0009361774872097114,0.001283146442732315,0.07315598428249359,1e-06,512.0,0.0,older_to_newer,prompt_equal_then_position_equal,full,1.0
154028,8,1,12,2,8,3,4,start_0008,0.0009112534544549057,0.0014174342463803538,0.08741272985935211,1e-06,512.0,0.0,older_to_newer,prompt_equal_then_position_equal,full,1.0
154028,8,1,13,2,8,4,5,start_0008,0.0010101702833377536,0.0015853879578806094,0.09218769520521164,1e-06,512.0,0.0,older_to_newer,prompt_equal_then_position_equal,full,1.0
154028,8,1,14,2,8,5,6,start_0008,0.0009518668761532012,0.0016968828197685027,0.08512740582227707,1e-06,512.0,0.0,older_to_newer,prompt_equal_then_position_equal,full,1.0
154028,8,1,15,2,8,6,7,start_0008,0.0009508985061800646,0.0014400190747467729,0.09303759038448334,1e-06,512.0,0.0,older_to_newer,prompt_equal_then_position_equal,full,1.0
154028,8,1,16,2,8,7,8,start_0008,0.000992162502554018,0.0015194670622200764,0.08460598438978195,1e-06,512.0,0.0,older_to_newer,prompt_equal_then_position_equal,full,1.0
154028,8,1,17,3,16,0,1,start_0016,0.0007059883336638721,0.0007059883336638721,0.08381155133247375,1e-06,512.0,0.0,older_to_newer,prompt_equal_then_position_equal,full,1.0
154028,8,1,18,3,16,1,2,start_0016,0.0006449609191863041,0.0006282241969378878,0.08120070397853851,1e-06,512.0,0.0,older_to_newer,prompt_equal_then_position_equal,full,1.0
154028,8,1,19,3,16,2,3,start_0016,0.0006693476479633298,0.0007395709254830978,0.08093860000371933,1e-06,512.0,0.0,older_to_newer,prompt_equal_then_position_equal,full,1.0
154028,8,1,20,3,16,3,4,start_0016,0.0008217000545002754,0.0007303924765200703,0.0760195404291153,1e-06,512.0,0.0,older_to_newer,prompt_equal_then_position_equal,full,1.0
154028,8,1,21,3,16,4,5,start_0016,0.0006992407027366527,0.0006966385020023599,0.07907213270664215,1e-06,512.0,0.0,older_to_newer,prompt_equal_then_position_equal,full,1.0
154028,8,1,22,3,16,5,6,start_0016,0.0007152326837326343,0.0007639562807639648,0.0760420486330986,1e-06,512.0,0.0,older_to_newer,prompt_equal_then_position_equal,full,1.0
154028,8,1,23,3,16,6,7,start_0016,0.0007201109685726887,0.0007356226090193794,0.08364777266979218,1e-06,512.0,0.0,older_to_newer,prompt_equal_then_position_equal,full,1.0
154028,8,1,24,3,16,7,8,start_0016,0.0006222763513018808,0.0008828955039619577,0.07330231368541718,1e-06,512.0,0.0,older_to_newer,prompt_equal_then_position_equal,full,1.0
154028,8,1,25,4,24,0,1,start_0024,0.0006469020079050077,0.0006469020079050077,0.07307446748018265,1e-06,512.0,0.0,older_to_newer,prompt_equal_then_position_equal,full,1.0
154028,8,1,26,4,24,1,2,start_0024,0.0006561134446945456,0.0006575627732578807,0.07394073903560638,1e-06,512.0,0.0,older_to_newer,prompt_equal_then_position_equal,full,1.0
154028,8,1,27,4,24,2,3,start_0024,0.0005938479278841061,0.0005216875935630898,0.07275552302598953,1e-06,512.0,0.0,older_to_newer,prompt_equal_then_position_equal,full,1.0
154028,8,1,28,4,24,3,4,start_0024,0.0005682012441989981,0.0007176231836160099,0.07329589128494263,1e-06,512.0,0.0,older_to_newer,prompt_equal_then_position_equal,full,1.0
154028,8,1,29,4,24,4,5,start_0024,0.0006176786926702979,0.0007708618302621809,0.07252196222543716,1e-06,512.0,0.0,older_to_newer,prompt_equal_then_position_equal,full,1.0
154028,8,1,30,4,24,5,6,start_0024,0.0007277839546246746,0.0007603272528507923,0.0691518634557724,1e-06,512.0,0.0,older_to_newer,prompt_equal_then_position_equal,full,1.0
154028,8,1,31,4,24,6,7,start_0024,0.0006318666243662107,0.0006895149770411414,0.07259261608123779,1e-06,512.0,0.0,older_to_newer,prompt_equal_then_position_equal,full,1.0
154028,8,1,32,4,24,7,8,start_0024,0.0005637560446942166,0.0007328629470235719,0.0804142951965332,1e-06,512.0,0.0,older_to_newer,prompt_equal_then_position_equal,full,1.0
154028,8,1,33,5,32,0,1,start_0032,0.0004995204168590178,0.0004995204168590178,0.0651661604642868,1e-06,512.0,0.0,older_to_newer,prompt_equal_then_position_equal,full,1.0
154028,8,1,34,5,32,1,2,start_0032,0.0005660243514238501,0.0005201330840050328,0.0677422285079956,1e-06,512.0,0.0,older_to_newer,prompt_equal_then_position_equal,full,1.0
154028,8,1,35,5,32,2,3,start_0032,0.000507130058910907,0.0005613984663402482,0.06142215058207512,1e-06,512.0,0.0,older_to_newer,prompt_equal_then_position_equal,full,1.0
154028,8,1,36,5,32,3,4,start_0032,0.0004941028922530686,0.0005719998182988754,0.05907958373427391,1e-06,512.0,0.0,older_to_newer,prompt_equal_then_position_equal,full,1.0
154028,8,1,37,5,32,4,5,start_0032,0.0005404300105218318,0.0005747332844796753,0.06723872572183609,1e-06,512.0,0.0,older_to_newer,prompt_equal_then_position_equal,full,1.0
154028,8,1,38,5,32,5,6,start_0032,0.0005206149195181605,0.0006465157996350321,0.0616634301841259,1e-06,512.0,0.0,older_to_newer,prompt_equal_then_position_equal,full,1.0
154028,8,1,39,5,32,6,7,start_0032,0.0005311758799654091,0.0006451565896954876,0.06438080221414566,1e-06,512.0,0.0,older_to_newer,prompt_equal_then_position_equal,full,1.0
154028,8,1,40,5,32,7,8,start_0032,0.0004801326078317762,0.0007721517670670324,0.06713715195655823,1e-06,512.0,0.0,older_to_newer,prompt_equal_then_position_equal,full,1.0
154028,8,1,41,6,40,0,1,start_0040,0.000464269793033177,0.000464269793033177,0.057025790214538574,1e-06,511.0,0.0,older_to_newer,prompt_equal_then_position_equal,full,1.0
154028,8,1,42,6,40,1,2,start_0040,0.00047739380569347515,0.0005601739715959995,0.06030290946364403,1e-06,511.0,0.0,older_to_newer,prompt_equal_then_position_equal,full,1.0
154028,8,1,43,6,40,2,3,start_0040,0.00041387794961384426,0.0005302405229055381,0.05729538947343826,1e-06,511.0,0.0,older_to_newer,prompt_equal_then_position_equal,full,1.0
154028,8,1,44,6,40,3,4,start_0040,0.0005400528045087697,0.0006185857449688635,0.05699513852596283,1e-06,511.0,0.0,older_to_newer,prompt_equal_then_position_equal,full,1.0
154028,8,1,45,6,40,4,5,start_0040,0.000508758453705352,0.000635667113810407,0.053102873265743256,1e-06,511.0,0.0,older_to_newer,prompt_equal_then_position_equal,full,1.0
154028,8,1,46,6,40,5,6,start_0040,0.0004823403377280335,0.0006692293225883106,0.0481349378824234,1e-06,511.0,0.0,older_to_newer,prompt_equal_then_position_equal,full,1.0
154028,8,1,47,6,40,6,7,start_0040,0.0005832891575033464,0.000776655872392321,0.061098840087652206,1e-06,511.0,0.0,older_to_newer,prompt_equal_then_position_equal,full,1.0
154028,8,1,48,6,40,7,8,start_0040,0.0005629738194640617,0.0008969500639758184,0.05396707355976105,1e-06,511.0,0.0,older_to_newer,prompt_equal_then_position_equal,full,1.0
154028,8,1,49,7,48,0,1,start_0048,0.0003702944228922547,0.0003702944228922547,0.052452705800533295,1e-06,512.0,0.0,older_to_newer,prompt_equal_then_position_equal,full,1.0
154028,8,1,50,7,48,1,2,start_0048,0.0004509370084779195,0.00048224484829755774,0.055497609078884125,1e-06,512.0,0.0,older_to_newer,prompt_equal_then_position_equal,full,1.0
154028,8,1,51,7,48,2,3,start_0048,0.0005490793683430335,0.0005267602616536299,0.051203466951847076,1e-06,512.0,0.0,older_to_newer,prompt_equal_then_position_equal,full,1.0
154028,8,1,52,7,48,3,4,start_0048,0.0005259065331484284,0.0004875908847386218,0.05732748284935951,1e-06,512.0,0.0,older_to_newer,prompt_equal_then_position_equal,full,1.0
154028,8,1,53,7,48,4,5,start_0048,0.0005061336435777236,0.00044598744735002146,0.052920859307050705,1e-06,512.0,0.0,older_to_newer,prompt_equal_then_position_equal,full,1.0
154028,8,1,54,7,48,5,6,start_0048,0.0005312724075685673,0.0005480915501649284,0.05940723791718483,1e-06,512.0,0.0,older_to_newer,prompt_equal_then_position_equal,full,1.0
154028,8,1,55,7,48,6,7,start_0048,0.0004403379540096106,0.0004870499327788544,0.05191052332520485,1e-06,512.0,0.0,older_to_newer,prompt_equal_then_position_equal,full,1.0
154028,8,1,56,7,48,7,8,start_0048,0.0004222069513785591,0.000511868761312786,0.05855314061045647,1e-06,512.0,0.0,older_to_newer,prompt_equal_then_position_equal,full,1.0
154028,8,1,57,8,56,0,1,start_0056,0.00046510309223484316,0.00046510309223484316,0.05074887350201607,1e-06,512.0,0.0,older_to_newer,prompt_equal_then_position_equal,full,1.0
154028,8,1,58,8,56,1,2,start_0056,0.0004126853831731489,0.0005319239437257392,0.05214367434382439,1e-06,512.0,0.0,older_to_newer,prompt_equal_then_position_equal,full,1.0
154028,8,1,59,8,56,2,3,start_0056,0.00041547065938149323,0.0003746086933741939,0.057699695229530334,1e-06,512.0,0.0,older_to_newer,prompt_equal_then_position_equal,full,1.0
154028,8,1,60,8,56,3,4,start_0056,0.00043126968391692935,0.000508453574485092,0.05290067568421364,1e-06,512.0,0.0,older_to_newer,prompt_equal_then_position_equal,full,1.0
154028,8,1,61,8,56,4,5,start_0056,0.0004483835133152937,0.00036802513092435384,0.048021141439676285,1e-06,512.0,0.0,older_to_newer,prompt_equal_then_position_equal,full,1.0
154028,8,1,62,8,56,5,6,start_0056,0.00038198593840727885,0.00044485870095022166,0.054350145161151886,1e-06,512.0,0.0,older_to_newer,prompt_equal_then_position_equal,full,1.0
154028,8,1,63,8,56,6,7,start_0056,0.0004188425318645697,0.0004795392678773815,0.050140131264925,1e-06,512.0,0.0,older_to_newer,prompt_equal_then_position_equal,full,1.0
154028,8,1,64,8,56,7,8,start_0056,0.0004528271746614389,0.00043600272630325203,0.04987619072198868,1e-06,512.0,0.0,older_to_newer,prompt_equal_then_position_equal,full,1.0
154028,8,1,65,9,64,0,1,start_0064,0.0004342057107400118,0.0004342057107400118,0.05021732673048973,1e-06,512.0,0.0,older_to_newer,prompt_equal_then_position_equal,full,1.0
154028,8,1,66,9,64,1,2,start_0064,0.0004467840439859176,0.00046192262855429306,0.054628413170576096,1e-06,512.0,0.0,older_to_newer,prompt_equal_then_position_equal,full,1.0
154028,8,1,67,9,64,2,3,start_0064,0.00046458033506515913,0.000504054459695083,0.04944232478737831,1e-06,512.0,0.0,older_to_newer,prompt_equal_then_position_equal,full,1.0
154028,8,1,68,9,64,3,4,start_0064,0.00045129703732264077,0.00046297056164054727,0.04943753778934479,1e-06,512.0,0.0,older_to_newer,prompt_equal_then_position_equal,full,1.0
154028,8,1,69,9,64,4,5,start_0064,0.00042825575089498215,0.0004300329484049377,0.05159542337059975,1e-06,512.0,0.0,older_to_newer,prompt_equal_then_position_equal,full,1.0
154028,8,1,70,9,64,5,6,start_0064,0.00045486240422196026,0.0005327425956671145,0.057643789798021317,1e-06,512.0,0.0,older_to_newer,prompt_equal_then_position_equal,full,1.0
154028,8,1,71,9,64,6,7,start_0064,0.00047861767894940367,0.0004543792532338892,0.046891871839761734,1e-06,512.0,0.0,older_to_newer,prompt_equal_then_position_equal,full,1.0
154028,8,1,72,9,64,7,8,start_0064,0.000424989631174425,0.0004746400611205754,0.04987449198961258,1e-06,512.0,0.0,older_to_newer,prompt_equal_then_position_equal,full,1.0
154028,8,1,73,10,72,0,1,start_0072,0.0003606057318209197,0.0003606057318209197,0.07428135722875595,1e-06,512.0,0.0,older_to_newer,prompt_equal_then_position_equal,full,1.0
154028,8,1,74,10,72,1,2,start_0072,0.0003366213691660364,0.0003500683256668198,0.04598617181181908,1e-06,512.0,0.0,older_to_newer,prompt_equal_then_position_equal,full,1.0
154028,8,1,75,10,72,2,3,start_0072,0.0004139791669437967,0.00033964031093570985,0.05018210411071777,1e-06,512.0,0.0,older_to_newer,prompt_equal_then_position_equal,full,1.0
154028,8,1,76,10,72,3,4,start_0072,0.00034115038875258435,0.00036131447837137046,0.05117608234286308,1e-06,512.0,0.0,older_to_newer,prompt_equal_then_position_equal,full,1.0
154028,8,1,77,10,72,4,5,start_0072,0.0004118630993537265,0.0003147299405367089,0.04429607465863228,1e-06,512.0,0.0,older_to_newer,prompt_equal_then_position_equal,full,1.0
154028,8,1,78,10,72,5,6,start_0072,0.000340089672566806,0.0003481917734662984,0.04977928847074509,1e-06,512.0,0.0,older_to_newer,prompt_equal_then_position_equal,full,1.0
154028,8,1,79,10,72,6,7,start_0072,0.0003895916318072321,0.0003992739662185531,0.04867740347981453,1e-06,512.0,0.0,older_to_newer,prompt_equal_then_position_equal,full,1.0
154028,8,1,80,10,72,7,8,start_0072,0.0002748644311697094,0.00044869447492009904,0.04500247538089752,1e-06,512.0,0.0,older_to_newer,prompt_equal_then_position_equal,full,1.0
154028,8,1,81,11,80,0,1,start_0080,0.00044525732871362767,0.00044525732871362767,0.0532316192984581,1e-06,512.0,0.0,older_to_newer,prompt_equal_then_position_equal,full,1.0
154028,8,1,82,11,80,1,2,start_0080,0.00041894768375681004,0.0004097352857468751,0.04279007762670517,1e-06,512.0,0.0,older_to_newer,prompt_equal_then_position_equal,full,1.0
154028,8,1,83,11,80,2,3,start_0080,0.000506054256143912,0.0003934207640360709,0.045612987130880356,1e-06,512.0,0.0,older_to_newer,prompt_equal_then_position_equal,full,1.0
154028,8,1,84,11,80,3,4,start_0080,0.00044969233878612905,0.0004120983535099535,0.04776614531874657,1e-06,512.0,0.0,older_to_newer,prompt_equal_then_position_equal,full,1.0
154028,8,1,85,11,80,4,5,start_0080,0.0003878908405471188,0.0004967389577183446,0.04772861301898956,1e-06,512.0,0.0,older_to_newer,prompt_equal_then_position_equal,full,1.0
154028,8,1,86,11,80,5,6,start_0080,0.0003570788720482846,0.00043061213964832267,0.050501786172389984,1e-06,512.0,0.0,older_to_newer,prompt_equal_then_position_equal,full,1.0
154028,8,1,87,11,80,6,7,start_0080,0.0003487294453731586,0.0004152796864323133,0.04757228493690491,1e-06,512.0,0.0,older_to_newer,prompt_equal_then_position_equal,full,1.0
154028,8,1,88,11,80,7,8,start_0080,0.0004402989268254207,0.0004975671703580726,0.053177665919065475,1e-06,512.0,0.0,older_to_newer,prompt_equal_then_position_equal,full,1.0
154028,8,1,89,12,88,0,1,start_0088,0.00035673173766692916,0.00035673173766692916,0.042963821440935135,1e-06,512.0,0.0,older_to_newer,prompt_equal_then_position_equal,full,1.0
154028,8,1,90,12,88,1,2,start_0088,0.000296740590197413,0.0003381088370139105,0.04512651264667511,1e-06,512.0,0.0,older_to_newer,prompt_equal_then_position_equal,full,1.0
154028,8,1,91,12,88,2,3,start_0088,0.00029040002708603574,0.0003853924748649972,0.046025827527046204,1e-06,512.0,0.0,older_to_newer,prompt_equal_then_position_equal,full,1.0
154028,8,1,92,12,88,3,4,start_0088,0.00033855233327710686,0.00037198969952564214,0.04519082233309746,1e-06,512.0,0.0,older_to_newer,prompt_equal_then_position_equal,full,1.0
154028,8,1,93,12,88,4,5,start_0088,0.00037298767462380135,0.00039236363281864293,0.04226914048194885,1e-06,512.0,0.0,older_to_newer,prompt_equal_then_position_equal,full,1.0
154028,8,1,94,12,88,5,6,start_0088,0.0004054115452191437,0.0003603225072883988,0.04912220686674118,1e-06,512.0,0.0,older_to_newer,prompt_equal_then_position_equal,full,1.0
154028,8,1,95,12,88,6,7,start_0088,0.000349470439263764,0.00042564041252189335,0.04344654828310013,1e-06,512.0,0.0,older_to_newer,prompt_equal_then_position_equal,full,1.0
154028,8,1,96,12,88,7,8,start_0088,0.0003648843511990779,0.00044641472196857364,0.04563828185200691,1e-06,512.0,0.0,older_to_newer,prompt_equal_then_position_equal,full,1.0
